{"cameraMode":{"drawMode":0,"name":"Shaded","section":"Shading Mode"},"sceneLighting":false,"audioPlay":false,"sceneViewState":{"showFog":true,"showMaterialUpdate":true,"showSkybox":true,"showFlares":true,"showImageEffects":true,"showParticleSystems":true},"in2DMode":false,"pivot":{"x":-5.823750019073486,"y":3.5325677394866945,"z":-3.1991872787475588},"rotation":{"x":0.027394482865929605,"y":0.9725832343101502,"z":-0.15991395711898805,"w":0.16661041975021363},"size":4.22474479675293,"orthographic":false}